<pagescount>
	<total_html_pages>59</total_html_pages>
	<html>28</html>
	<img>47</img>
	<js>27</js>
	<css>17</css>
	<pdf>1</pdf>
	<xml>0</xml>
	<txt>0</txt>
	<fonts>24</fonts>
	<is_pretty_url>false</is_pretty_url>
	<is_ebn>false</is_ebn>
	<theme_name>WDO_theme</theme_name>
	<server_url_front_page>https://www.waybackmachinedownloader.com/website-downloader-online/scraping/files/live/atbot.io_krjitu_gmail.com_8z0aocvjgru</server_url_front_page>
	<hosted_domain>hosted_domain</hosted_domain>
</pagescount>